{
  "id": "ba444c7f-ebdf-49b3-892b-57ee2bd219be",
  "prevId": "00000000-0000-0000-0000-000000000000",
  "version": "7",
  "dialect": "postgresql",
  "tables": {
    "public.game_state": {
      "name": "game_state",
      "schema": "",
      "columns": {
        "id": {
          "name": "id",
          "type": "uuid",
          "primaryKey": true,
          "notNull": true,
          "default": "gen_random_uuid()"
        },
        "room_id": {
          "name": "room_id",
          "type": "uuid",
          "primaryKey": false,
          "notNull": false
        },
        "current_turn_player_id": {
          "name": "current_turn_player_id",
          "type": "uuid",
          "primaryKey": false,
          "notNull": false
        },
        "phase": {
          "name": "phase",
          "type": "turn_phase",
          "typeSchema": "public",
          "primaryKey": false,
          "notNull": true,
          "default": "'rolling'"
        },
        "last_dice_roll": {
          "name": "last_dice_roll",
          "type": "integer[]",
          "primaryKey": false,
          "notNull": false
        },
        "market_state": {
          "name": "market_state",
          "type": "jsonb",
          "primaryKey": false,
          "notNull": true,
          "default": "'{}'::jsonb"
        },
        "pending_decisions": {
          "name": "pending_decisions",
          "type": "jsonb",
          "primaryKey": false,
          "notNull": true,
          "default": "'[]'::jsonb"
        },
        "has_purchased": {
          "name": "has_purchased",
          "type": "boolean",
          "primaryKey": false,
          "notNull": true,
          "default": false
        },
        "created_at": {
          "name": "created_at",
          "type": "timestamp with time zone",
          "primaryKey": false,
          "notNull": true,
          "default": "now()"
        },
        "updated_at": {
          "name": "updated_at",
          "type": "timestamp with time zone",
          "primaryKey": false,
          "notNull": true,
          "default": "now()"
        }
      },
      "indexes": {
        "game_state_phase_idx": {
          "name": "game_state_phase_idx",
          "columns": [
            {
              "expression": "phase",
              "isExpression": false,
              "asc": true,
              "nulls": "last"
            }
          ],
          "isUnique": false,
          "concurrently": false,
          "method": "btree",
          "with": {}
        },
        "game_state_room_id_idx": {
          "name": "game_state_room_id_idx",
          "columns": [
            {
              "expression": "room_id",
              "isExpression": false,
              "asc": true,
              "nulls": "last"
            }
          ],
          "isUnique": false,
          "concurrently": false,
          "method": "btree",
          "with": {}
        }
      },
      "foreignKeys": {
        "game_state_room_id_rooms_id_fk": {
          "name": "game_state_room_id_rooms_id_fk",
          "tableFrom": "game_state",
          "tableTo": "rooms",
          "columnsFrom": [
            "room_id"
          ],
          "columnsTo": [
            "id"
          ],
          "onDelete": "set null",
          "onUpdate": "no action"
        },
        "game_state_current_turn_player_id_players_id_fk": {
          "name": "game_state_current_turn_player_id_players_id_fk",
          "tableFrom": "game_state",
          "tableTo": "players",
          "columnsFrom": [
            "current_turn_player_id"
          ],
          "columnsTo": [
            "id"
          ],
          "onDelete": "set null",
          "onUpdate": "no action"
        }
      },
      "compositePrimaryKeys": {},
      "uniqueConstraints": {},
      "policies": {},
      "checkConstraints": {},
      "isRLSEnabled": true
    },
    "public.players": {
      "name": "players",
      "schema": "",
      "columns": {
        "id": {
          "name": "id",
          "type": "uuid",
          "primaryKey": true,
          "notNull": true,
          "default": "gen_random_uuid()"
        },
        "room_id": {
          "name": "room_id",
          "type": "uuid",
          "primaryKey": false,
          "notNull": true
        },
        "user_id": {
          "name": "user_id",
          "type": "uuid",
          "primaryKey": false,
          "notNull": false
        },
        "name": {
          "name": "name",
          "type": "text",
          "primaryKey": false,
          "notNull": true
        },
        "is_ai": {
          "name": "is_ai",
          "type": "boolean",
          "primaryKey": false,
          "notNull": true,
          "default": false
        },
        "coins": {
          "name": "coins",
          "type": "integer",
          "primaryKey": false,
          "notNull": true,
          "default": 0
        },
        "cards": {
          "name": "cards",
          "type": "jsonb",
          "primaryKey": false,
          "notNull": true,
          "default": "'{}'::jsonb"
        },
        "landmarks": {
          "name": "landmarks",
          "type": "jsonb",
          "primaryKey": false,
          "notNull": true,
          "default": "'{}'::jsonb"
        },
        "turn_order": {
          "name": "turn_order",
          "type": "integer",
          "primaryKey": false,
          "notNull": true
        },
        "created_at": {
          "name": "created_at",
          "type": "timestamp with time zone",
          "primaryKey": false,
          "notNull": true,
          "default": "now()"
        },
        "updated_at": {
          "name": "updated_at",
          "type": "timestamp with time zone",
          "primaryKey": false,
          "notNull": true,
          "default": "now()"
        }
      },
      "indexes": {
        "players_room_id_idx": {
          "name": "players_room_id_idx",
          "columns": [
            {
              "expression": "room_id",
              "isExpression": false,
              "asc": true,
              "nulls": "last"
            }
          ],
          "isUnique": false,
          "concurrently": false,
          "method": "btree",
          "with": {}
        },
        "players_user_id_idx": {
          "name": "players_user_id_idx",
          "columns": [
            {
              "expression": "user_id",
              "isExpression": false,
              "asc": true,
              "nulls": "last"
            }
          ],
          "isUnique": false,
          "concurrently": false,
          "method": "btree",
          "with": {}
        },
        "players_room_turn_order_unique": {
          "name": "players_room_turn_order_unique",
          "columns": [
            {
              "expression": "room_id",
              "isExpression": false,
              "asc": true,
              "nulls": "last"
            },
            {
              "expression": "turn_order",
              "isExpression": false,
              "asc": true,
              "nulls": "last"
            }
          ],
          "isUnique": true,
          "concurrently": false,
          "method": "btree",
          "with": {}
        }
      },
      "foreignKeys": {
        "players_room_id_rooms_id_fk": {
          "name": "players_room_id_rooms_id_fk",
          "tableFrom": "players",
          "tableTo": "rooms",
          "columnsFrom": [
            "room_id"
          ],
          "columnsTo": [
            "id"
          ],
          "onDelete": "cascade",
          "onUpdate": "no action"
        },
        "players_user_id_users_id_fk": {
          "name": "players_user_id_users_id_fk",
          "tableFrom": "players",
          "tableTo": "users",
          "columnsFrom": [
            "user_id"
          ],
          "columnsTo": [
            "id"
          ],
          "onDelete": "set null",
          "onUpdate": "no action"
        }
      },
      "compositePrimaryKeys": {},
      "uniqueConstraints": {},
      "policies": {},
      "checkConstraints": {},
      "isRLSEnabled": true
    },
    "public.rooms": {
      "name": "rooms",
      "schema": "",
      "columns": {
        "id": {
          "name": "id",
          "type": "uuid",
          "primaryKey": true,
          "notNull": true,
          "default": "gen_random_uuid()"
        },
        "code": {
          "name": "code",
          "type": "text",
          "primaryKey": false,
          "notNull": true
        },
        "status": {
          "name": "status",
          "type": "room_status",
          "typeSchema": "public",
          "primaryKey": false,
          "notNull": true,
          "default": "'waiting'"
        },
        "created_at": {
          "name": "created_at",
          "type": "timestamp with time zone",
          "primaryKey": false,
          "notNull": true,
          "default": "now()"
        },
        "updated_at": {
          "name": "updated_at",
          "type": "timestamp with time zone",
          "primaryKey": false,
          "notNull": true,
          "default": "now()"
        }
      },
      "indexes": {
        "rooms_code_unique": {
          "name": "rooms_code_unique",
          "columns": [
            {
              "expression": "code",
              "isExpression": false,
              "asc": true,
              "nulls": "last"
            }
          ],
          "isUnique": true,
          "concurrently": false,
          "method": "btree",
          "with": {}
        },
        "rooms_status_idx": {
          "name": "rooms_status_idx",
          "columns": [
            {
              "expression": "status",
              "isExpression": false,
              "asc": true,
              "nulls": "last"
            }
          ],
          "isUnique": false,
          "concurrently": false,
          "method": "btree",
          "with": {}
        }
      },
      "foreignKeys": {},
      "compositePrimaryKeys": {},
      "uniqueConstraints": {},
      "policies": {},
      "checkConstraints": {},
      "isRLSEnabled": true
    },
    "public.users": {
      "name": "users",
      "schema": "",
      "columns": {
        "id": {
          "name": "id",
          "type": "uuid",
          "primaryKey": true,
          "notNull": true,
          "default": "gen_random_uuid()"
        },
        "display_name": {
          "name": "display_name",
          "type": "text",
          "primaryKey": false,
          "notNull": false
        },
        "is_guest": {
          "name": "is_guest",
          "type": "boolean",
          "primaryKey": false,
          "notNull": true,
          "default": false
        },
        "created_at": {
          "name": "created_at",
          "type": "timestamp with time zone",
          "primaryKey": false,
          "notNull": true,
          "default": "now()"
        },
        "updated_at": {
          "name": "updated_at",
          "type": "timestamp with time zone",
          "primaryKey": false,
          "notNull": true,
          "default": "now()"
        }
      },
      "indexes": {
        "users_is_guest_idx": {
          "name": "users_is_guest_idx",
          "columns": [
            {
              "expression": "is_guest",
              "isExpression": false,
              "asc": true,
              "nulls": "last"
            }
          ],
          "isUnique": false,
          "concurrently": false,
          "method": "btree",
          "with": {}
        }
      },
      "foreignKeys": {},
      "compositePrimaryKeys": {},
      "uniqueConstraints": {},
      "policies": {},
      "checkConstraints": {},
      "isRLSEnabled": true
    },
    "public.webauthn_credentials": {
      "name": "webauthn_credentials",
      "schema": "",
      "columns": {
        "id": {
          "name": "id",
          "type": "uuid",
          "primaryKey": true,
          "notNull": true,
          "default": "gen_random_uuid()"
        },
        "user_id": {
          "name": "user_id",
          "type": "uuid",
          "primaryKey": false,
          "notNull": true
        },
        "credential_id": {
          "name": "credential_id",
          "type": "text",
          "primaryKey": false,
          "notNull": true
        },
        "credential_public_key": {
          "name": "credential_public_key",
          "type": "text",
          "primaryKey": false,
          "notNull": true
        },
        "counter": {
          "name": "counter",
          "type": "integer",
          "primaryKey": false,
          "notNull": true,
          "default": 0
        },
        "transports": {
          "name": "transports",
          "type": "text[]",
          "primaryKey": false,
          "notNull": false
        },
        "device_type": {
          "name": "device_type",
          "type": "text",
          "primaryKey": false,
          "notNull": true
        },
        "backup_eligible": {
          "name": "backup_eligible",
          "type": "boolean",
          "primaryKey": false,
          "notNull": true,
          "default": false
        },
        "backup_state": {
          "name": "backup_state",
          "type": "boolean",
          "primaryKey": false,
          "notNull": true,
          "default": false
        },
        "created_at": {
          "name": "created_at",
          "type": "timestamp with time zone",
          "primaryKey": false,
          "notNull": true,
          "default": "now()"
        },
        "updated_at": {
          "name": "updated_at",
          "type": "timestamp with time zone",
          "primaryKey": false,
          "notNull": true,
          "default": "now()"
        }
      },
      "indexes": {
        "webauthn_credential_id_unique": {
          "name": "webauthn_credential_id_unique",
          "columns": [
            {
              "expression": "credential_id",
              "isExpression": false,
              "asc": true,
              "nulls": "last"
            }
          ],
          "isUnique": true,
          "concurrently": false,
          "method": "btree",
          "with": {}
        },
        "webauthn_user_id_idx": {
          "name": "webauthn_user_id_idx",
          "columns": [
            {
              "expression": "user_id",
              "isExpression": false,
              "asc": true,
              "nulls": "last"
            }
          ],
          "isUnique": false,
          "concurrently": false,
          "method": "btree",
          "with": {}
        }
      },
      "foreignKeys": {
        "webauthn_credentials_user_id_users_id_fk": {
          "name": "webauthn_credentials_user_id_users_id_fk",
          "tableFrom": "webauthn_credentials",
          "tableTo": "users",
          "columnsFrom": [
            "user_id"
          ],
          "columnsTo": [
            "id"
          ],
          "onDelete": "cascade",
          "onUpdate": "no action"
        }
      },
      "compositePrimaryKeys": {},
      "uniqueConstraints": {},
      "policies": {},
      "checkConstraints": {},
      "isRLSEnabled": true
    }
  },
  "enums": {
    "public.room_status": {
      "name": "room_status",
      "schema": "public",
      "values": [
        "waiting",
        "playing",
        "finished"
      ]
    },
    "public.turn_phase": {
      "name": "turn_phase",
      "schema": "public",
      "values": [
        "rolling",
        "income",
        "buying",
        "cleanup"
      ]
    }
  },
  "schemas": {},
  "sequences": {},
  "roles": {},
  "policies": {},
  "views": {},
  "_meta": {
    "columns": {},
    "schemas": {},
    "tables": {}
  }
}